[
    {
        "tags": [
            "change",
            "deep-thoughts",
            "thinking",
            "world"
        ],
        "author": "Albert Einstein",
        "quote": "\u201cThe world as we have created it is a process of our thinking. It cannot be changed without changing our thinking.\u201d"
    },
    {
        "tags": [
            "abilities",
            "choices"
        ],
        "author": "J.K. Rowling",
        "quote": "\u201cIt is our choices, Harry, that show what we truly are, far more than our abilities.\u201d"
    },
    {
        "tags": [
            "inspirational",
            "life",
            "live",
            "miracle",
            "miracles"
        ],
        "author": "Albert Einstein",
        "quote": "\u201cThere are only two ways to live your life. One is as though nothing is a miracle. The other is as though everything is a miracle.\u201d"
    },
    {
        "tags": [
            "aliteracy",
            "books",
            "classic",
            "humor"
        ],
        "author": "Jane Austen",
        "quote": "\u201cThe person, be it gentleman or lady, who has not pleasure in a good novel, must be intolerably stupid.\u201d"
    },
    {
        "tags": [
            "be-yourself",
            "inspirational"
        ],
        "author": "Marilyn Monroe",
        "quote": "\u201cImperfection is beauty, madness is genius and it's better to be absolutely ridiculous than absolutely boring.\u201d"
    },
    {
        "tags": [
            "adulthood",
            "success",
            "value"
        ],
        "author": "Albert Einstein",
        "quote": "\u201cTry not to become a man of success. Rather become a man of value.\u201d"
    },
    {
        "tags": [
            "life",
            "love"
        ],
        "author": "Andr\u00e9 Gide",
        "quote": "\u201cIt is better to be hated for what you are than to be loved for what you are not.\u201d"
    },
    {
        "tags": [
            "edison",
            "failure",
            "inspirational",
            "paraphrased"
        ],
        "author": "Thomas A. Edison",
        "quote": "\u201cI have not failed. I've just found 10,000 ways that won't work.\u201d"
    },
    {
        "tags": [
            "misattributed-eleanor-roosevelt"
        ],
        "author": "Eleanor Roosevelt",
        "quote": "\u201cA woman is like a tea bag; you never know how strong it is until it's in hot water.\u201d"
    },
    {
        "tags": [
            "humor",
            "obvious",
            "simile"
        ],
        "author": "Steve Martin",
        "quote": "\u201cA day without sunshine is like, you know, night.\u201d"
    }
]